,itemList
1,terca-feira , Falta de Atencao a Conducao , Colisao com objeto estatico ,  , FORD , Masculino , Automovel , Faixa Etaria:50-54 , Idade veiculo: < 3 anos , tarde , janeiro,terca-feira , Pista Escorregadia , Colisao com objeto estatico ,  , FORD , Masculino , Automovel , Faixa Etaria:50-54 , Idade veiculo: < 3 anos , tarde , janeiro,terca-feira , Falta de Atencao a Conducao , Capotamento ,  , FORD , Masculino , Automovel , Faixa Etaria:50-54 , Idade veiculo: < 3 anos , tarde , janeiro,terca-feira , Pista Escorregadia , Capotamento ,  , FORD , Masculino , Automovel , Faixa Etaria:50-54 , Idade veiculo: < 3 anos , tarde , janeiro
2,quinta-feira , Desobediencia as normas de transito pelo pedestre , Atropelamento de Pedestre ,  , FIAT , Masculino , Caminhonete , Faixa Etaria:20-24 , Idade veiculo: > 5 anos , tarde , janeiro,quinta-feira , Desobediencia as normas de transito pelo pedestre , Atropelamento de Pedestre ,  , FIAT , Masculino , Caminhonete , Faixa Etaria:40-44 , Idade veiculo: > 5 anos , tarde , janeiro
3,sexta-feira , Avarias e/ou desgaste excessivo no pneu , Colisao com objeto estatico ,  , FIAT , Masculino , Automovel , Faixa Etaria:30-34 , Idade veiculo: > 10 anos , madrugada , janeiro,sexta-feira , Falta de Atencao a Conducao , Colisao com objeto estatico ,  , FIAT , Masculino , Automovel , Faixa Etaria:30-34 , Idade veiculo: > 10 anos , madrugada , janeiro,sexta-feira , Pista Escorregadia , Colisao com objeto estatico ,  , FIAT , Masculino , Automovel , Faixa Etaria:30-34 , Idade veiculo: > 10 anos , madrugada , janeiro,sexta-feira , Velocidade Incompativel , Colisao com objeto estatico ,  , FIAT , Masculino , Automovel , Faixa Etaria:30-34 , Idade veiculo: > 10 anos , madrugada , janeiro
4,fim_de_semana , Falta de Atencao a Conducao , Colisao com objeto estatico ,  , GM , Feminino , Automovel , Faixa Etaria:20-24 , Idade veiculo: > 10 anos , manha , janeiro,fim_de_semana , Falta de Atencao a Conducao , Colisao traseira ,  , GM , Feminino , Automovel , Faixa Etaria:20-24 , Idade veiculo: > 10 anos , noite , janeiro,fim_de_semana , Falta de Atencao a Conducao , Colisao com objeto estatico ,  , Nao Informado , Masculino , Caminhao , Faixa Etaria:35-39 , Idade veiculo: > 5 anos , noite , janeiro,fim_de_semana , Falta de Atencao a Conducao , Colisao traseira ,  , Nao Informado , Masculino , Caminhao , Faixa Etaria:35-39 , Idade veiculo: > 5 anos , noite , janeiro,fim_de_semana , Falta de Atencao a Conducao , Colisao com objeto estatico ,  , GM , Feminino , Automovel , Faixa Etaria:55-59 , Idade veiculo: > 10 anos , noite , janeiro,fim_de_semana , Falta de Atencao a Conducao , Colisao traseira ,  , GM , Feminino , Automovel , Faixa Etaria:55-59 , Idade veiculo: > 10 anos , noite , janeiro
5,fim_de_semana , Ingestao de Alcool , Saida de leito carroc vel ,  , FORD , Masculino , Automovel , Faixa Etaria:45-49 , Idade veiculo: > 10 anos , madrugada , janeiro
6,fim_de_semana , Defeito Mecanico no Veiculo , Tombamento ,  , HONDA , Masculino , Motocicleta , Faixa Etaria:40-44 , Idade veiculo: > 10 anos , tarde , janeiro,fim_de_semana , Defeito Mecanico no Veiculo , Tombamento ,  , HONDA , Feminino , Motocicleta , Faixa Etaria:45-49 , Idade veiculo: > 10 anos , tarde , janeiro
7,fim_de_semana , Pista Escorregadia , Queda de ocupante de veiculo ,  , YAMAHA , Masculino , Motocicleta , Faixa Etaria:55-59 , Idade veiculo: > 10 anos , tarde , janeiro
8,fim_de_semana , Falta de Atencao a Conducao , Colisao com objeto estatico ,  , VW , Nao Informado sexo , Automovel , Faixa Etaria:35-39 , Idade veiculo: > 15 anos , madrugada , janeiro,fim_de_semana , Falta de Atencao a Conducao , Colisao com objeto estatico ,  , VW , Nao Informado sexo , Automovel , Faixa Etaria:35-39 , Idade veiculo: > 15 anos , madrugada , janeiro,fim_de_semana , Falta de Atencao a Conducao , Colisao com objeto estatico ,  , VW , Nao Informado sexo , Automovel , Faixa Etaria:35-39 , Idade veiculo: > 15 anos , madrugada , janeiro
9,terca-feira , Falta de Atencao a Conducao , Colisao traseira ,  , CITROEN , Masculino , Automovel , Faixa Etaria:35-39 , Idade veiculo: > 5 anos , madrugada , janeiro,terca-feira , Nao guardar distancia de seguranca , Colisao traseira ,  , CITROEN , Masculino , Automovel , Faixa Etaria:35-39 , Idade veiculo: > 5 anos , madrugada , janeiro,terca-feira , Falta de Atencao a Conducao , Colisao traseira ,  , CITROEN , Feminino , Automovel , Faixa Etaria:50-54 , Idade veiculo: > 5 anos , madrugada , janeiro,terca-feira , Nao guardar distancia de seguranca , Colisao traseira ,  , CITROEN , Feminino , Automovel , Faixa Etaria:50-54 , Idade veiculo: > 5 anos , madrugada , janeiro
10,quinta-feira , Nao guardar distancia de seguranca , Colisao lateral ,  , HONDA , Feminino , Motocicleta , Faixa Etaria:35-39 , Idade veiculo: < 3 anos , noite , janeiro,quinta-feira , Nao guardar distancia de seguranca , Colisao lateral ,  , HONDA , Masculino , Motocicleta , Faixa Etaria:40-44 , Idade veiculo: < 3 anos , noite , janeiro,quinta-feira , Nao guardar distancia de seguranca , Colisao lateral ,  , VW , Masculino , Automovel , Faixa Etaria:45-49 , Idade veiculo: > 5 anos , noite , janeiro
11,segunda-feira , Nao guardar distancia de seguranca , Queda de ocupante de veiculo ,  , RENAULT , Masculino , Automovel , Faixa Etaria:20-24 , Idade veiculo: > 5 anos , noite , janeiro,segunda-feira , Nao guardar distancia de seguranca , Colisao lateral ,  , RENAULT , Masculino , Automovel , Faixa Etaria:20-24 , Idade veiculo: > 5 anos , noite , janeiro,segunda-feira , Nao guardar distancia de seguranca , Queda de ocupante de veiculo ,  , YAMAHA , Masculino , Motocicleta , Faixa Etaria:35-39 , Idade veiculo: > 10 anos , noite , janeiro,segunda-feira , Nao guardar distancia de seguranca , Colisao lateral ,  , YAMAHA , Masculino , Motocicleta , Faixa Etaria:35-39 , Idade veiculo: > 10 anos , noite , janeiro
12,quinta-feira , Falta de Atencao a Conducao , Tombamento ,  , HONDA , Masculino , Motocicleta , Faixa Etaria:20-24 , Idade veiculo: > 15 anos , noite , janeiro,quinta-feira , Falta de Atencao a Conducao , Colisao lateral ,  , HONDA , Masculino , Motocicleta , Faixa Etaria:20-24 , Idade veiculo: > 15 anos , noite , janeiro,quinta-feira , Falta de Atencao a Conducao , Tombamento ,  , HONDA , Feminino , Motocicleta , Faixa Etaria:50-54 , Idade veiculo: > 15 anos , noite , janeiro,quinta-feira , Falta de Atencao a Conducao , Colisao lateral ,  , HONDA , Feminino , Motocicleta , Faixa Etaria:50-54 , Idade veiculo: > 15 anos , noite , janeiro,quinta-feira , Falta de Atencao a Conducao , Tombamento ,  , FIAT , Masculino , Automovel , Faixa Etaria:55-59 , Idade veiculo: > 10 anos , noite , janeiro,quinta-feira , Falta de Atencao a Conducao , Colisao lateral ,  , FIAT , Masculino , Automovel , Faixa Etaria:55-59 , Idade veiculo: > 10 anos , noite , janeiro
13,sexta-feira , Pista Escorregadia , Tombamento ,  , JEEP , Masculino , Camioneta , Faixa Etaria:65-69 , Idade veiculo: < 3 anos , tarde , janeiro,sexta-feira , Falta de Atencao do Pedestre , Tombamento ,  , JEEP , Masculino , Camioneta , Faixa Etaria:65-69 , Idade veiculo: < 3 anos , tarde , janeiro
14,segunda-feira , Defeito Mecanico no Veiculo , Colisao com objeto estatico ,  , FIAT , Masculino , Automovel , Faixa Etaria:25-29 , Idade veiculo: > 5 anos , madrugada , janeiro,segunda-feira , Velocidade Incompativel , Colisao com objeto estatico ,  , FIAT , Masculino , Automovel , Faixa Etaria:25-29 , Idade veiculo: > 5 anos , madrugada , janeiro,segunda-feira , Defeito Mecanico no Veiculo , Colisao com objeto estatico ,  , VW , Masculino , Caminhonete , Faixa Etaria:30-34 , Idade veiculo: < 3 anos , madrugada , janeiro,segunda-feira , Velocidade Incompativel , Colisao com objeto estatico ,  , VW , Masculino , Caminhonete , Faixa Etaria:30-34 , Idade veiculo: < 3 anos , madrugada , janeiro,segunda-feira , Defeito Mecanico no Veiculo , Colisao com objeto estatico ,  , FIAT , Feminino , Automovel , Faixa Etaria:35-39 , Idade veiculo: > 5 anos , madrugada , janeiro,segunda-feira , Velocidade Incompativel , Colisao com objeto estatico ,  , FIAT , Feminino , Automovel , Faixa Etaria:35-39 , Idade veiculo: > 5 anos , madrugada , janeiro
15,quarta-feira , Nao guardar distancia de seguranca , Saida de leito carroc vel ,  , GM , Masculino , Automovel , Faixa Etaria:20-24 , Idade veiculo: < 3 anos , madrugada , janeiro,quarta-feira , Pista Escorregadia , Saida de leito carroc vel ,  , GM , Masculino , Automovel , Faixa Etaria:20-24 , Idade veiculo: < 3 anos , madrugada , janeiro,quarta-feira , Velocidade Incompativel , Saida de leito carroc vel ,  , GM , Masculino , Automovel , Faixa Etaria:20-24 , Idade veiculo: < 3 anos , madrugada , janeiro,quarta-feira , Falta de Atencao a Conducao , Saida de leito carroc vel ,  , GM , Masculino , Automovel , Faixa Etaria:20-24 , Idade veiculo: < 3 anos , madrugada , janeiro,quarta-feira , Nao guardar distancia de seguranca , Colisao lateral ,  , GM , Masculino , Automovel , Faixa Etaria:20-24 , Idade veiculo: < 3 anos , madrugada , janeiro,quarta-feira , Pista Escorregadia , Colisao lateral ,  , GM , Masculino , Automovel , Faixa Etaria:20-24 , Idade veiculo: < 3 anos , madrugada , janeiro,quarta-feira , Velocidade Incompativel , Colisao lateral ,  , GM , Masculino , Automovel , Faixa Etaria:20-24 , Idade veiculo: < 3 anos , madrugada , janeiro,quarta-feira , Falta de Atencao a Conducao , Colisao lateral ,  , GM , Masculino , Automovel , Faixa Etaria:20-24 , Idade veiculo: < 3 anos , madrugada , janeiro,quarta-feira , Nao guardar distancia de seguranca , Colisao traseira ,  , GM , Masculino , Automovel , Faixa Etaria:20-24 , Idade veiculo: < 3 anos , madrugada , janeiro,quarta-feira , Pista Escorregadia , Colisao traseira ,  , GM , Masculino , Automovel , Faixa Etaria:20-24 , Idade veiculo: < 3 anos , madrugada , janeiro,quarta-feira , Velocidade Incompativel , Colisao traseira ,  , GM , Masculino , Automovel , Faixa Etaria:20-24 , Idade veiculo: < 3 anos , madrugada , janeiro,quarta-feira , Falta de Atencao a Conducao , Colisao traseira ,  , GM , Masculino , Automovel , Faixa Etaria:20-24 , Idade veiculo: < 3 anos , madrugada , janeiro,quarta-feira , Nao guardar distancia de seguranca , Saida de leito carroc vel ,  , HYUNDAI , Masculino , Automovel , Faixa Etaria:25-29 , Idade veiculo: > 5 anos , madrugada , janeiro,quarta-feira , Pista Escorregadia , Saida de leito carroc vel ,  , HYUNDAI , Masculino , Automovel , Faixa Etaria:25-29 , Idade veiculo: > 5 anos , madrugada , janeiro,quarta-feira , Velocidade Incompativel , Saida de leito carroc vel ,  , HYUNDAI , Masculino , Automovel , Faixa Etaria:25-29 , Idade veiculo: > 5 anos , madrugada , janeiro,quarta-feira , Falta de Atencao a Conducao , Saida de leito carroc vel ,  , HYUNDAI , Masculino , Automovel , Faixa Etaria:25-29 , Idade veiculo: > 5 anos , madrugada , janeiro,quarta-feira , Nao guardar distancia de seguranca , Colisao lateral ,  , HYUNDAI , Masculino , Automovel , Faixa Etaria:25-29 , Idade veiculo: > 5 anos , madrugada , janeiro,quarta-feira , Pista Escorregadia , Colisao lateral ,  , HYUNDAI , Masculino , Automovel , Faixa Etaria:25-29 , Idade veiculo: > 5 anos , madrugada , janeiro,quarta-feira , Velocidade Incompativel , Colisao lateral ,  , HYUNDAI , Masculino , Automovel , Faixa Etaria:25-29 , Idade veiculo: > 5 anos , madrugada , janeiro,quarta-feira , Falta de Atencao a Conducao , Colisao lateral ,  , HYUNDAI , Masculino , Automovel , Faixa Etaria:25-29 , Idade veiculo: > 5 anos , madrugada , janeiro,quarta-feira , Nao guardar distancia de seguranca , Colisao traseira ,  , HYUNDAI , Masculino , Automovel , Faixa Etaria:25-29 , Idade veiculo: > 5 anos , madrugada , janeiro,quarta-feira , Pista Escorregadia , Colisao traseira ,  , HYUNDAI , Masculino , Automovel , Faixa Etaria:25-29 , Idade veiculo: > 5 anos , madrugada , janeiro,quarta-feira , Velocidade Incompativel , Colisao traseira ,  , HYUNDAI , Masculino , Automovel , Faixa Etaria:25-29 , Idade veiculo: > 5 anos , madrugada , janeiro,quarta-feira , Falta de Atencao a Conducao , Colisao traseira ,  , HYUNDAI , Masculino , Automovel , Faixa Etaria:25-29 , Idade veiculo: > 5 anos , madrugada , janeiro,quarta-feira , Nao guardar distancia de seguranca , Saida de leito carroc vel ,  , FORD , Feminino , Automovel , Faixa Etaria:50-54 , Idade veiculo: < 3 anos , madrugada , janeiro,quarta-feira , Pista Escorregadia , Saida de leito carroc vel ,  , FORD , Feminino , Automovel , Faixa Etaria:50-54 , Idade veiculo: < 3 anos , madrugada , janeiro,quarta-feira , Velocidade Incompativel , Saida de leito carroc vel ,  , FORD , Feminino , Automovel , Faixa Etaria:50-54 , Idade veiculo: < 3 anos , madrugada , janeiro,quarta-feira , Falta de Atencao a Conducao , Saida de leito carroc vel ,  , FORD , Feminino , Automovel , Faixa Etaria:50-54 , Idade veiculo: < 3 anos , madrugada , janeiro,quarta-feira , Nao guardar distancia de seguranca , Colisao lateral ,  , FORD , Feminino , Automovel , Faixa Etaria:50-54 , Idade veiculo: < 3 anos , madrugada , janeiro,quarta-feira , Pista Escorregadia , Colisao lateral ,  , FORD , Feminino , Automovel , Faixa Etaria:50-54 , Idade veiculo: < 3 anos , madrugada , janeiro,quarta-feira , Velocidade Incompativel , Colisao lateral ,  , FORD , Feminino , Automovel , Faixa Etaria:50-54 , Idade veiculo: < 3 anos , madrugada , janeiro,quarta-feira , Falta de Atencao a Conducao , Colisao lateral ,  , FORD , Feminino , Automovel , Faixa Etaria:50-54 , Idade veiculo: < 3 anos , madrugada , janeiro,quarta-feira , Nao guardar distancia de seguranca , Colisao traseira ,  , FORD , Feminino , Automovel , Faixa Etaria:50-54 , Idade veiculo: < 3 anos , madrugada , janeiro,quarta-feira , Pista Escorregadia , Colisao traseira ,  , FORD , Feminino , Automovel , Faixa Etaria:50-54 , Idade veiculo: < 3 anos , madrugada , janeiro,quarta-feira , Velocidade Incompativel , Colisao traseira ,  , FORD , Feminino , Automovel , Faixa Etaria:50-54 , Idade veiculo: < 3 anos , madrugada , janeiro,quarta-feira , Falta de Atencao a Conducao , Colisao traseira ,  , FORD , Feminino , Automovel , Faixa Etaria:50-54 , Idade veiculo: < 3 anos , madrugada , janeiro
16,sexta-feira , Carga excessiva e/ou mal acondicionada , Derramamento de carga ,  , VOLVO , Masculino , Caminhao-trator , Faixa Etaria:30-34 , Idade veiculo: > 5 anos , noite , fevereiro,sexta-feira , Carga excessiva e/ou mal acondicionada , Derramamento de carga ,  , RANDON , Nao Informado sexo , Semireboque , Faixa Etaria:35-39 , Idade veiculo: > 10 anos , noite , fevereiro
17,fim_de_semana , Falta de Atencao a Conducao , Colisao lateral ,  , FIAT , Nao Informado sexo , Automovel , Faixa Etaria:35-39 , Idade veiculo: > 5 anos , noite , fevereiro,fim_de_semana , Falta de Atencao a Conducao , Colisao lateral ,  , KASINSKI , Feminino , Motocicleta , Faixa Etaria:45-49 , Idade veiculo: > 5 anos , noite , fevereiro,fim_de_semana , Falta de Atencao a Conducao , Colisao lateral ,  , KASINSKI , Masculino , Motocicleta , Faixa Etaria:55-59 , Idade veiculo: > 5 anos , noite , fevereiro
18,fim_de_semana , Nao guardar distancia de seguranca , Colisao traseira ,  , FORD , Masculino , Automovel , Faixa Etaria:30-34 , Idade veiculo: > 5 anos , noite , fevereiro,fim_de_semana , Nao guardar distancia de seguranca , Colisao traseira ,  , HONDA , Feminino , Automovel , Faixa Etaria:40-44 , Idade veiculo: > 5 anos , noite , fevereiro,fim_de_semana , Nao guardar distancia de seguranca , Colisao traseira ,  , HONDA , Feminino , Automovel , Faixa Etaria:60-64 , Idade veiculo: > 5 anos , noite , fevereiro
19,fim_de_semana , Falta de Atencao a Conducao , Colisao lateral ,  , YAMAHA , Masculino , Motocicleta , Faixa Etaria:25-29 , Idade veiculo: > 10 anos , noite , fevereiro,fim_de_semana , Falta de Atencao a Conducao , Colisao lateral ,  , HONDA , Masculino , Automovel , Faixa Etaria:30-34 , Idade veiculo: < 3 anos , noite , fevereiro
20,segunda-feira , Pista Escorregadia , Colisao com objeto estatico ,  , FORD , Masculino , Automovel , Faixa Etaria:25-29 , Idade veiculo: < 3 anos , tarde , fevereiro
21,segunda-feira , Falta de Atencao a Conducao , Capotamento ,  , FIAT , Masculino , Automovel , NA , Idade veiculo: > 5 anos , noite , fevereiro,segunda-feira , Falta de Atencao a Conducao , Capotamento ,  , FIAT , Feminino , Automovel , NA , Idade veiculo: > 5 anos , noite , fevereiro,segunda-feira , Falta de Atencao a Conducao , Capotamento ,  , FIAT , Masculino , Automovel , Faixa Etaria:25-29 , Idade veiculo: > 5 anos , noite , fevereiro,segunda-feira , Falta de Atencao a Conducao , Capotamento ,  , FIAT , Feminino , Automovel , Faixa Etaria:35-39 , Idade veiculo: > 5 anos , noite , fevereiro
22,quarta-feira , Ingestao de Alcool , Capotamento ,  , FIAT , Masculino , Automovel , Faixa Etaria:45-49 , Idade veiculo: < 3 anos , madrugada , fevereiro,quarta-feira , Falta de Atencao a Conducao , Capotamento ,  , FIAT , Masculino , Automovel , Faixa Etaria:45-49 , Idade veiculo: < 3 anos , madrugada , fevereiro
23,quarta-feira , Velocidade Incompativel , Tombamento ,  , GUERRA , Nao Informado sexo , Semireboque , Faixa Etaria:35-39 , Idade veiculo: > 5 anos , tarde , fevereiro,quarta-feira , Pista Escorregadia , Tombamento ,  , GUERRA , Nao Informado sexo , Semireboque , Faixa Etaria:35-39 , Idade veiculo: > 5 anos , tarde , fevereiro,quarta-feira , Velocidade Incompativel , Colisao com objeto estatico ,  , GUERRA , Nao Informado sexo , Semireboque , Faixa Etaria:35-39 , Idade veiculo: > 5 anos , tarde , fevereiro,quarta-feira , Pista Escorregadia , Colisao com objeto estatico ,  , GUERRA , Nao Informado sexo , Semireboque , Faixa Etaria:35-39 , Idade veiculo: > 5 anos , tarde , fevereiro,quarta-feira , Velocidade Incompativel , Colisao transversal ,  , GUERRA , Nao Informado sexo , Semireboque , Faixa Etaria:35-39 , Idade veiculo: > 5 anos , tarde , fevereiro,quarta-feira , Pista Escorregadia , Colisao transversal ,  , GUERRA , Nao Informado sexo , Semireboque , Faixa Etaria:35-39 , Idade veiculo: > 5 anos , tarde , fevereiro,quarta-feira , Velocidade Incompativel , Tombamento ,  , M.BENZ , Masculino , Caminhao-trator , Faixa Etaria:60-64 , Idade veiculo: > 10 anos , tarde , fevereiro,quarta-feira , Pista Escorregadia , Tombamento ,  , M.BENZ , Masculino , Caminhao-trator , Faixa Etaria:60-64 , Idade veiculo: > 10 anos , tarde , fevereiro,quarta-feira , Velocidade Incompativel , Colisao com objeto estatico ,  , M.BENZ , Masculino , Caminhao-trator , Faixa Etaria:60-64 , Idade veiculo: > 10 anos , tarde , fevereiro,quarta-feira , Pista Escorregadia , Colisao com objeto estatico ,  , M.BENZ , Masculino , Caminhao-trator , Faixa Etaria:60-64 , Idade veiculo: > 10 anos , tarde , fevereiro,quarta-feira , Velocidade Incompativel , Colisao transversal ,  , M.BENZ , Masculino , Caminhao-trator , Faixa Etaria:60-64 , Idade veiculo: > 10 anos , tarde , fevereiro,quarta-feira , Pista Escorregadia , Colisao transversal ,  , M.BENZ , Masculino , Caminhao-trator , Faixa Etaria:60-64 , Idade veiculo: > 10 anos , tarde , fevereiro,quarta-feira , Velocidade Incompativel , Tombamento ,  , GM , Masculino , Automovel , Faixa Etaria:65-69 , Idade veiculo: > 5 anos , tarde , fevereiro,quarta-feira , Pista Escorregadia , Tombamento ,  , GM , Masculino , Automovel , Faixa Etaria:65-69 , Idade veiculo: > 5 anos , tarde , fevereiro,quarta-feira , Velocidade Incompativel , Colisao com objeto estatico ,  , GM , Masculino , Automovel , Faixa Etaria:65-69 , Idade veiculo: > 5 anos , tarde , fevereiro,quarta-feira , Pista Escorregadia , Colisao com objeto estatico ,  , GM , Masculino , Automovel , Faixa Etaria:65-69 , Idade veiculo: > 5 anos , tarde , fevereiro,quarta-feira , Velocidade Incompativel , Colisao transversal ,  , GM , Masculino , Automovel , Faixa Etaria:65-69 , Idade veiculo: > 5 anos , tarde , fevereiro,quarta-feira , Pista Escorregadia , Colisao transversal ,  , GM , Masculino , Automovel , Faixa Etaria:65-69 , Idade veiculo: > 5 anos , tarde , fevereiro
24,sexta-feira , Defeito Mecanico no Veiculo , Queda de ocupante de veiculo ,  , HONDA , Feminino , Motocicleta , Faixa Etaria:30-34 , Idade veiculo: > 5 anos , tarde , fevereiro,sexta-feira , Defeito Mecanico no Veiculo , Tombamento ,  , HONDA , Feminino , Motocicleta , Faixa Etaria:30-34 , Idade veiculo: > 5 anos , tarde , fevereiro
25,sexta-feira , Falta de Atencao a Conducao , Colisao traseira ,  , GM , Masculino , Automovel , Faixa Etaria:25-29 , Idade veiculo: > 10 anos , madrugada , fevereiro,sexta-feira , Nao guardar distancia de seguranca , Colisao traseira ,  , GM , Masculino , Automovel , Faixa Etaria:25-29 , Idade veiculo: > 10 anos , madrugada , fevereiro,sexta-feira , Falta de Atencao a Conducao , Colisao traseira ,  , FIAT , Masculino , Automovel , Faixa Etaria:40-44 , Idade veiculo: > 15 anos , madrugada , fevereiro,sexta-feira , Nao guardar distancia de seguranca , Colisao traseira ,  , FIAT , Masculino , Automovel , Faixa Etaria:40-44 , Idade veiculo: > 15 anos , madrugada , fevereiro,sexta-feira , Falta de Atencao a Conducao , Colisao traseira ,  , GM , Masculino , Automovel , Faixa Etaria:55-59 , Idade veiculo: > 15 anos , madrugada , fevereiro,sexta-feira , Nao guardar distancia de seguranca , Colisao traseira ,  , GM , Masculino , Automovel , Faixa Etaria:55-59 , Idade veiculo: > 15 anos , madrugada , fevereiro
26,fim_de_semana , Velocidade Incompativel , Tombamento ,  , VW , Masculino , Camioneta , Faixa Etaria:50-54 , Idade veiculo: > 10 anos , tarde , fevereiro
27,terca-feira , Defeito Mecanico no Veiculo , Colisao com objeto estatico ,  , M.BENZ , Masculino , Caminhao , Faixa Etaria:40-44 , Idade veiculo: > 20 anos , tarde , fevereiro,terca-feira , Velocidade Incompativel , Colisao com objeto estatico ,  , M.BENZ , Masculino , Caminhao , Faixa Etaria:40-44 , Idade veiculo: > 20 anos , tarde , fevereiro,terca-feira , Defeito Mecanico no Veiculo , Tombamento ,  , M.BENZ , Masculino , Caminhao , Faixa Etaria:40-44 , Idade veiculo: > 20 anos , tarde , fevereiro,terca-feira , Velocidade Incompativel , Tombamento ,  , M.BENZ , Masculino , Caminhao , Faixa Etaria:40-44 , Idade veiculo: > 20 anos , tarde , fevereiro
28,quarta-feira , Velocidade Incompativel , Colisao com objeto estatico ,  , GM , Nao Informado sexo , Automovel , Faixa Etaria:35-39 , Idade veiculo: > 20 anos , noite , fevereiro,quarta-feira , Pista Escorregadia , Colisao com objeto estatico ,  , GM , Nao Informado sexo , Automovel , Faixa Etaria:35-39 , Idade veiculo: > 20 anos , noite , fevereiro,quarta-feira , Defeito Mecanico no Veiculo , Colisao com objeto estatico ,  , GM , Nao Informado sexo , Automovel , Faixa Etaria:35-39 , Idade veiculo: > 20 anos , noite , fevereiro
29,fim_de_semana , Velocidade Incompativel , Saida de leito carroc vel ,  , VW , Masculino , Automovel , Faixa Etaria:70-74 , Idade veiculo: > 20 anos , madrugada , fevereiro
30,fim_de_semana , Pista Escorregadia , Colisao com objeto estatico ,  , FIAT , Masculino , Caminhonete , Faixa Etaria:45-49 , Idade veiculo: > 10 anos , tarde , fevereiro,fim_de_semana , Pista Escorregadia , Colisao com objeto estatico ,  , FIAT , Masculino , Caminhonete , Faixa Etaria:45-49 , Idade veiculo: > 10 anos , tarde , fevereiro
31,fim_de_semana , Velocidade Incompativel , Saida de leito carroc vel ,  , VW , Masculino , Automovel , Faixa Etaria:35-39 , Idade veiculo: > 5 anos , madrugada , fevereiro
32,fim_de_semana , Velocidade Incompativel , Capotamento ,  , NISSAN , Masculino , Automovel , Faixa Etaria:30-34 , Idade veiculo: < 3 anos , noite , fevereiro,fim_de_semana , Velocidade Incompativel , Capotamento ,  , NISSAN , Masculino , Automovel , Faixa Etaria:40-44 , Idade veiculo: < 3 anos , noite , fevereiro,fim_de_semana , Velocidade Incompativel , Capotamento ,  , NISSAN , Masculino , Automovel , Faixa Etaria:45-49 , Idade veiculo: < 3 anos , noite , fevereiro
33,segunda-feira , Nao guardar distancia de seguranca , Colisao lateral ,  , Nao Informado , Masculino , Motocicleta , Faixa Etaria:25-29 , Idade veiculo: > 5 anos , noite , fevereiro,segunda-feira , Nao guardar distancia de seguranca , Colisao lateral ,  , Nao Informado , Nao Informado sexo , Automovel , Faixa Etaria:35-39 , Idade veiculo: > 5 anos , noite , fevereiro
34,quarta-feira , Pista Escorregadia , Colisao com objeto estatico ,  , Mitsubishi  , Masculino , Utilit rio , Faixa Etaria:35-39 , Idade veiculo: < 3 anos , tarde , fevereiro,quarta-feira , Pista Escorregadia , Colisao com objeto estatico ,  , Mitsubishi  , Masculino , Utilit rio , Faixa Etaria:45-49 , Idade veiculo: < 3 anos , tarde , fevereiro
35,terca-feira , Falta de Atencao a Conducao , Colisao com objeto estatico ,  , GM , Masculino , Caminhonete , Faixa Etaria:20-24 , Idade veiculo: > 5 anos , noite , fevereiro,terca-feira , Pista Escorregadia , Colisao com objeto estatico ,  , GM , Masculino , Caminhonete , Faixa Etaria:20-24 , Idade veiculo: > 5 anos , noite , fevereiro,terca-feira , Falta de Atencao a Conducao , Colisao com objeto estatico ,  , GM , Masculino , Caminhonete , Faixa Etaria:30-34 , Idade veiculo: > 5 anos , noite , fevereiro,terca-feira , Pista Escorregadia , Colisao com objeto estatico ,  , GM , Masculino , Caminhonete , Faixa Etaria:30-34 , Idade veiculo: > 5 anos , noite , fevereiro
36,terca-feira , Pista Escorregadia , Colisao lateral ,  , HONDA , Feminino , Motoneta , Faixa Etaria:20-24 , Idade veiculo: < 3 anos , tarde , fevereiro,terca-feira , Pista Escorregadia , Colisao lateral ,  , TOYOTA , Masculino , Automovel , Faixa Etaria:35-39 , Idade veiculo: > 5 anos , tarde , fevereiro
37,quarta-feira , Nao guardar distancia de seguranca , Colisao lateral ,  , YAMAHA , Nao Informado sexo , Motocicleta , Faixa Etaria:35-39 , Idade veiculo: > 5 anos , noite , fevereiro,quarta-feira , Nao guardar distancia de seguranca , Colisao lateral ,  , YAMAHA , Masculino , Motocicleta , Faixa Etaria:45-49 , Idade veiculo: < 3 anos , noite , fevereiro
38,quinta-feira , Pista Escorregadia , Queda de ocupante de veiculo ,  , HONDA , Feminino , Motocicleta , Faixa Etaria:35-39 , Idade veiculo: < 3 anos , madrugada , fevereiro
39,quinta-feira , Falta de Atencao a Conducao , Colisao traseira ,  , HONDA , Feminino , Automovel , Faixa Etaria:30-34 , Idade veiculo: > 5 anos , tarde , fevereiro,quinta-feira , Nao guardar distancia de seguranca , Colisao traseira ,  , HONDA , Feminino , Automovel , Faixa Etaria:30-34 , Idade veiculo: > 5 anos , tarde , fevereiro,quinta-feira , Falta de Atencao a Conducao , Engavetamento ,  , HONDA , Feminino , Automovel , Faixa Etaria:30-34 , Idade veiculo: > 5 anos , tarde , fevereiro,quinta-feira , Nao guardar distancia de seguranca , Engavetamento ,  , HONDA , Feminino , Automovel , Faixa Etaria:30-34 , Idade veiculo: > 5 anos , tarde , fevereiro,quinta-feira , Falta de Atencao a Conducao , Colisao com objeto estatico ,  , HONDA , Feminino , Automovel , Faixa Etaria:30-34 , Idade veiculo: > 5 anos , tarde , fevereiro,quinta-feira , Nao guardar distancia de seguranca , Colisao com objeto estatico ,  , HONDA , Feminino , Automovel , Faixa Etaria:30-34 , Idade veiculo: > 5 anos , tarde , fevereiro,quinta-feira , Falta de Atencao a Conducao , Colisao traseira ,  , HONDA , Feminino , Automovel , Faixa Etaria:30-34 , Idade veiculo: > 5 anos , tarde , fevereiro,quinta-feira , Nao guardar distancia de seguranca , Colisao traseira ,  , HONDA , Feminino , Automovel , Faixa Etaria:30-34 , Idade veiculo: > 5 anos , tarde , fevereiro,quinta-feira , Falta de Atencao a Conducao , Colisao traseira ,  , HONDA , Feminino , Automovel , Faixa Etaria:30-34 , Idade veiculo: > 5 anos , tarde , fevereiro,quinta-feira , Nao guardar distancia de seguranca , Colisao traseira ,  , HONDA , Feminino , Automovel , Faixa Etaria:30-34 , Idade veiculo: > 5 anos , tarde , fevereiro,quinta-feira , Falta de Atencao a Conducao , Colisao traseira ,  , GM , Masculino , Automovel , Faixa Etaria:35-39 , Idade veiculo: > 5 anos , tarde , fevereiro,quinta-feira , Nao guardar distancia de seguranca , Colisao traseira ,  , GM , Masculino , Automovel , Faixa Etaria:35-39 , Idade veiculo: > 5 anos , tarde , fevereiro,quinta-feira , Falta de Atencao a Conducao , Engavetamento ,  , GM , Masculino , Automovel , Faixa Etaria:35-39 , Idade veiculo: > 5 anos , tarde , fevereiro,quinta-feira , Nao guardar distancia de seguranca , Engavetamento ,  , GM , Masculino , Automovel , Faixa Etaria:35-39 , Idade veiculo: > 5 anos , tarde , fevereiro,quinta-feira , Falta de Atencao a Conducao , Colisao com objeto estatico ,  , GM , Masculino , Automovel , Faixa Etaria:35-39 , Idade veiculo: > 5 anos , tarde , fevereiro,quinta-feira , Nao guardar distancia de seguranca , Colisao com objeto estatico ,  , GM , Masculino , Automovel , Faixa Etaria:35-39 , Idade veiculo: > 5 anos , tarde , fevereiro,quinta-feira , Falta de Atencao a Conducao , Colisao traseira ,  , GM , Masculino , Automovel , Faixa Etaria:35-39 , Idade veiculo: > 5 anos , tarde , fevereiro,quinta-feira , Nao guardar distancia de seguranca , Colisao traseira ,  , GM , Masculino , Automovel , Faixa Etaria:35-39 , Idade veiculo: > 5 anos , tarde , fevereiro,quinta-feira , Falta de Atencao a Conducao , Colisao traseira ,  , GM , Masculino , Automovel , Faixa Etaria:35-39 , Idade veiculo: > 5 anos , tarde , fevereiro,quinta-feira , Nao guardar distancia de seguranca , Colisao traseira ,  , GM , Masculino , Automovel , Faixa Etaria:35-39 , Idade veiculo: > 5 anos , tarde , fevereiro,quinta-feira , Falta de Atencao a Conducao , Colisao traseira ,  , FACCHINI , Nao Informado sexo , Semireboque , Faixa Etaria:35-39 , Idade veiculo: > 5 anos , tarde , fevereiro,quinta-feira , Nao guardar distancia de seguranca , Colisao traseira ,  , FACCHINI , Nao Informado sexo , Semireboque , Faixa Etaria:35-39 , Idade veiculo: > 5 anos , tarde , fevereiro,quinta-feira , Falta de Atencao a Conducao , Engavetamento ,  , FACCHINI , Nao Informado sexo , Semireboque , Faixa Etaria:35-39 , Idade veiculo: > 5 anos , tarde , fevereiro,quinta-feira , Nao guardar distancia de seguranca , Engavetamento ,  , FACCHINI , Nao Informado sexo , Semireboque , Faixa Etaria:35-39 , Idade veiculo: > 5 anos , tarde , fevereiro,quinta-feira , Falta de Atencao a Conducao , Colisao com objeto estatico ,  , FACCHINI , Nao Informado sexo , Semireboque , Faixa Etaria:35-39 , Idade veiculo: > 5 anos , tarde , fevereiro,quinta-feira , Nao guardar distancia de seguranca , Colisao com objeto estatico ,  , FACCHINI , Nao Informado sexo , Semireboque , Faixa Etaria:35-39 , Idade veiculo: > 5 anos , tarde , fevereiro,quinta-feira , Falta de Atencao a Conducao , Colisao traseira ,  , FACCHINI , Nao Informado sexo , Semireboque , Faixa Etaria:35-39 , Idade veiculo: > 5 anos , tarde , fevereiro,quinta-feira , Nao guardar distancia de seguranca , Colisao traseira ,  , FACCHINI , Nao Informado sexo , Semireboque , Faixa Etaria:35-39 , Idade veiculo: > 5 anos , tarde , fevereiro,quinta-feira , Falta de Atencao a Conducao , Colisao traseira ,  , FACCHINI , Nao Informado sexo , Semireboque , Faixa Etaria:35-39 , Idade veiculo: > 5 anos , tarde , fevereiro,quinta-feira , Nao guardar distancia de seguranca , Colisao traseira ,  , FACCHINI , Nao Informado sexo , Semireboque , Faixa Etaria:35-39 , Idade veiculo: > 5 anos , tarde , fevereiro,quinta-feira , Falta de Atencao a Conducao , Colisao traseira ,  , VW , Masculino , Caminhao , Faixa Etaria:40-44 , Idade veiculo: > 10 anos , tarde , fevereiro,quinta-feira , Nao guardar distancia de seguranca , Colisao traseira ,  , VW , Masculino , Caminhao , Faixa Etaria:40-44 , Idade veiculo: > 10 anos , tarde , fevereiro,quinta-feira , Falta de Atencao a Conducao , Engavetamento ,  , VW , Masculino , Caminhao , Faixa Etaria:40-44 , Idade veiculo: > 10 anos , tarde , fevereiro,quinta-feira , Nao guardar distancia de seguranca , Engavetamento ,  , VW , Masculino , Caminhao , Faixa Etaria:40-44 , Idade veiculo: > 10 anos , tarde , fevereiro,quinta-feira , Falta de Atencao a Conducao , Colisao com objeto estatico ,  , VW , Masculino , Caminhao , Faixa Etaria:40-44 , Idade veiculo: > 10 anos , tarde , fevereiro,quinta-feira , Nao guardar distancia de seguranca , Colisao com objeto estatico ,  , VW , Masculino , Caminhao , Faixa Etaria:40-44 , Idade veiculo: > 10 anos , tarde , fevereiro,quinta-feira , Falta de Atencao a Conducao , Colisao traseira ,  , VW , Masculino , Caminhao , Faixa Etaria:40-44 , Idade veiculo: > 10 anos , tarde , fevereiro,quinta-feira , Nao guardar distancia de seguranca , Colisao traseira ,  , VW , Masculino , Caminhao , Faixa Etaria:40-44 , Idade veiculo: > 10 anos , tarde , fevereiro,quinta-feira , Falta de Atencao a Conducao , Colisao traseira ,  , VW , Masculino , Caminhao , Faixa Etaria:40-44 , Idade veiculo: > 10 anos , tarde , fevereiro,quinta-feira , Nao guardar distancia de seguranca , Colisao traseira ,  , VW , Masculino , Caminhao , Faixa Etaria:40-44 , Idade veiculo: > 10 anos , tarde , fevereiro,quinta-feira , Falta de Atencao a Conducao , Colisao traseira ,  , M.BENZ , Masculino , Caminhao , Faixa Etaria:45-49 , Idade veiculo: > 25 anos , tarde , fevereiro,quinta-feira , Nao guardar distancia de seguranca , Colisao traseira ,  , M.BENZ , Masculino , Caminhao , Faixa Etaria:45-49 , Idade veiculo: > 25 anos , tarde , fevereiro,quinta-feira , Falta de Atencao a Conducao , Engavetamento ,  , M.BENZ , Masculino , Caminhao , Faixa Etaria:45-49 , Idade veiculo: > 25 anos , tarde , fevereiro,quinta-feira , Nao guardar distancia de seguranca , Engavetamento ,  , M.BENZ , Masculino , Caminhao , Faixa Etaria:45-49 , Idade veiculo: > 25 anos , tarde , fevereiro,quinta-feira , Falta de Atencao a Conducao , Colisao com objeto estatico ,  , M.BENZ , Masculino , Caminhao , Faixa Etaria:45-49 , Idade veiculo: > 25 anos , tarde , fevereiro,quinta-feira , Nao guardar distancia de seguranca , Colisao com objeto estatico ,  , M.BENZ , Masculino , Caminhao , Faixa Etaria:45-49 , Idade veiculo: > 25 anos , tarde , fevereiro,quinta-feira , Falta de Atencao a Conducao , Colisao traseira ,  , M.BENZ , Masculino , Caminhao , Faixa Etaria:45-49 , Idade veiculo: > 25 anos , tarde , fevereiro,quinta-feira , Nao guardar distancia de seguranca , Colisao traseira ,  , M.BENZ , Masculino , Caminhao , Faixa Etaria:45-49 , Idade veiculo: > 25 anos , tarde , fevereiro,quinta-feira , Falta de Atencao a Conducao , Colisao traseira ,  , M.BENZ , Masculino , Caminhao , Faixa Etaria:45-49 , Idade veiculo: > 25 anos , tarde , fevereiro,quinta-feira , Nao guardar distancia de seguranca , Colisao traseira ,  , M.BENZ , Masculino , Caminhao , Faixa Etaria:45-49 , Idade veiculo: > 25 anos , tarde , fevereiro,quinta-feira , Falta de Atencao a Conducao , Colisao traseira ,  , FORD , Masculino , Caminhao-trator , Faixa Etaria:55-59 , Idade veiculo: > 10 anos , tarde , fevereiro,quinta-feira , Nao guardar distancia de seguranca , Colisao traseira ,  , FORD , Masculino , Caminhao-trator , Faixa Etaria:55-59 , Idade veiculo: > 10 anos , tarde , fevereiro,quinta-feira , Falta de Atencao a Conducao , Engavetamento ,  , FORD , Masculino , Caminhao-trator , Faixa Etaria:55-59 , Idade veiculo: > 10 anos , tarde , fevereiro,quinta-feira , Nao guardar distancia de seguranca , Engavetamento ,  , FORD , Masculino , Caminhao-trator , Faixa Etaria:55-59 , Idade veiculo: > 10 anos , tarde , fevereiro,quinta-feira , Falta de Atencao a Conducao , Colisao com objeto estatico ,  , FORD , Masculino , Caminhao-trator , Faixa Etaria:55-59 , Idade veiculo: > 10 anos , tarde , fevereiro,quinta-feira , Nao guardar distancia de seguranca , Colisao com objeto estatico ,  , FORD , Masculino , Caminhao-trator , Faixa Etaria:55-59 , Idade veiculo: > 10 anos , tarde , fevereiro,quinta-feira , Falta de Atencao a Conducao , Colisao traseira ,  , FORD , Masculino , Caminhao-trator , Faixa Etaria:55-59 , Idade veiculo: > 10 anos , tarde , fevereiro,quinta-feira , Nao guardar distancia de seguranca , Colisao traseira ,  , FORD , Masculino , Caminhao-trator , Faixa Etaria:55-59 , Idade veiculo: > 10 anos , tarde , fevereiro,quinta-feira , Falta de Atencao a Conducao , Colisao traseira ,  , FORD , Masculino , Caminhao-trator , Faixa Etaria:55-59 , Idade veiculo: > 10 anos , tarde , fevereiro,quinta-feira , Nao guardar distancia de seguranca , Colisao traseira ,  , FORD , Masculino , Caminhao-trator , Faixa Etaria:55-59 , Idade veiculo: > 10 anos , tarde , fevereiro,quinta-feira , Falta de Atencao a Conducao , Colisao traseira ,  , GM , Masculino , Automovel , Faixa Etaria:60-64 , Idade veiculo: > 5 anos , tarde , fevereiro,quinta-feira , Nao guardar distancia de seguranca , Colisao traseira ,  , GM , Masculino , Automovel , Faixa Etaria:60-64 , Idade veiculo: > 5 anos , tarde , fevereiro,quinta-feira , Falta de Atencao a Conducao , Engavetamento ,  , GM , Masculino , Automovel , Faixa Etaria:60-64 , Idade veiculo: > 5 anos , tarde , fevereiro,quinta-feira , Nao guardar distancia de seguranca , Engavetamento ,  , GM , Masculino , Automovel , Faixa Etaria:60-64 , Idade veiculo: > 5 anos , tarde , fevereiro,quinta-feira , Falta de Atencao a Conducao , Colisao com objeto estatico ,  , GM , Masculino , Automovel , Faixa Etaria:60-64 , Idade veiculo: > 5 anos , tarde , fevereiro,quinta-feira , Nao guardar distancia de seguranca , Colisao com objeto estatico ,  , GM , Masculino , Automovel , Faixa Etaria:60-64 , Idade veiculo: > 5 anos , tarde , fevereiro,quinta-feira , Falta de Atencao a Conducao , Colisao traseira ,  , GM , Masculino , Automovel , Faixa Etaria:60-64 , Idade veiculo: > 5 anos , tarde , fevereiro,quinta-feira , Nao guardar distancia de seguranca , Colisao traseira ,  , GM , Masculino , Automovel , Faixa Etaria:60-64 , Idade veiculo: > 5 anos , tarde , fevereiro,quinta-feira , Falta de Atencao a Conducao , Colisao traseira ,  , GM , Masculino , Automovel , Faixa Etaria:60-64 , Idade veiculo: > 5 anos , tarde , fevereiro,quinta-feira , Nao guardar distancia de seguranca , Colisao traseira ,  , GM , Masculino , Automovel , Faixa Etaria:60-64 , Idade veiculo: > 5 anos , tarde , fevereiro
40,quinta-feira , Falta de Atencao a Conducao , Engavetamento ,  , HYUNDAI , Masculino , Automovel , Faixa Etaria:25-29 , Idade veiculo: < 3 anos , madrugada , fevereiro,quinta-feira , Velocidade Incompativel , Engavetamento ,  , HYUNDAI , Masculino , Automovel , Faixa Etaria:25-29 , Idade veiculo: < 3 anos , madrugada , fevereiro,quinta-feira , Falta de Atencao a Conducao , Engavetamento ,  , KIA , Feminino , Automovel , Faixa Etaria:30-34 , Idade veiculo: > 10 anos , madrugada , fevereiro,quinta-feira , Velocidade Incompativel , Engavetamento ,  , KIA , Feminino , Automovel , Faixa Etaria:30-34 , Idade veiculo: > 10 anos , madrugada , fevereiro,quinta-feira , Falta de Atencao a Conducao , Engavetamento ,  , FIAT , Masculino , Automovel , Faixa Etaria:40-44 , Idade veiculo: < 3 anos , madrugada , fevereiro,quinta-feira , Velocidade Incompativel , Engavetamento ,  , FIAT , Masculino , Automovel , Faixa Etaria:40-44 , Idade veiculo: < 3 anos , madrugada , fevereiro,quinta-feira , Falta de Atencao a Conducao , Engavetamento ,  , M.BENZ , Masculino , Caminhao , Faixa Etaria:40-44 , Idade veiculo: > 5 anos , madrugada , fevereiro,quinta-feira , Velocidade Incompativel , Engavetamento ,  , M.BENZ , Masculino , Caminhao , Faixa Etaria:40-44 , Idade veiculo: > 5 anos , madrugada , fevereiro,quinta-feira , Falta de Atencao a Conducao , Engavetamento ,  , KIA , Masculino , Automovel , Faixa Etaria:45-49 , Idade veiculo: > 10 anos , madrugada , fevereiro,quinta-feira , Velocidade Incompativel , Engavetamento ,  , KIA , Masculino , Automovel , Faixa Etaria:45-49 , Idade veiculo: > 10 anos , madrugada , fevereiro
41,sexta-feira , Falta de Atencao a Conducao , Queda de ocupante de veiculo ,  , HONDA , Masculino , Motocicleta , Faixa Etaria:20-24 , Idade veiculo: > 5 anos , tarde , março
42,sexta-feira , Nao guardar distancia de seguranca , Tombamento ,  , YAMAHA , Masculino , Motoneta , Faixa Etaria:35-39 , Idade veiculo: > 5 anos , madrugada , março
43,sexta-feira , Falta de Atencao a Conducao , Colisao com objeto estatico ,  , FORD , Masculino , Caminhonete , Faixa Etaria:35-39 , Idade veiculo: > 5 anos , madrugada , março,sexta-feira , Falta de Atencao a Conducao , Colisao traseira ,  , FORD , Masculino , Caminhonete , Faixa Etaria:35-39 , Idade veiculo: > 5 anos , madrugada , março,sexta-feira , Falta de Atencao a Conducao , Colisao com objeto estatico ,  , RENAULT , Masculino , Automovel , Faixa Etaria:40-44 , Idade veiculo: < 3 anos , madrugada , março,sexta-feira , Falta de Atencao a Conducao , Colisao traseira ,  , RENAULT , Masculino , Automovel , Faixa Etaria:40-44 , Idade veiculo: < 3 anos , madrugada , março
44,quarta-feira , Falta de Atencao a Conducao , Queda de ocupante de veiculo ,  , YAMAHA , Masculino , Motocicleta , Faixa Etaria:20-24 , Idade veiculo: > 10 anos , madrugada , março,quarta-feira , Falta de Atencao a Conducao , Colisao traseira ,  , YAMAHA , Masculino , Motocicleta , Faixa Etaria:20-24 , Idade veiculo: > 10 anos , madrugada , março,quarta-feira , Falta de Atencao a Conducao , Queda de ocupante de veiculo ,  , Nao Informado , Nao Informado sexo , Automovel , Faixa Etaria:35-39 , Idade veiculo: > 5 anos , madrugada , março,quarta-feira , Falta de Atencao a Conducao , Colisao traseira ,  , Nao Informado , Nao Informado sexo , Automovel , Faixa Etaria:35-39 , Idade veiculo: > 5 anos , madrugada , março,quarta-feira , Falta de Atencao a Conducao , Queda de ocupante de veiculo ,  , VW , Masculino , Caminhao , Faixa Etaria:35-39 , Idade veiculo: > 5 anos , madrugada , março,quarta-feira , Falta de Atencao a Conducao , Colisao traseira ,  , VW , Masculino , Caminhao , Faixa Etaria:35-39 , Idade veiculo: > 5 anos , madrugada , março
45,segunda-feira , Nao guardar distancia de seguranca , Colisao traseira ,  , HONDA , Masculino , Motocicleta , Faixa Etaria:25-29 , Idade veiculo: > 10 anos , tarde , março,segunda-feira , Nao guardar distancia de seguranca , Colisao traseira ,  , GM , Masculino , Automovel , Faixa Etaria:40-44 , Idade veiculo: > 10 anos , tarde , março
46,sexta-feira , Falta de Atencao a Conducao , Derramamento de carga ,  , M.BENZ , Masculino , Caminhao-trator , Faixa Etaria:25-29 , Idade veiculo: > 5 anos , noite , março,sexta-feira , Falta de Atencao a Conducao , Tombamento ,  , M.BENZ , Masculino , Caminhao-trator , Faixa Etaria:25-29 , Idade veiculo: > 5 anos , noite , março,sexta-feira , Falta de Atencao a Conducao , Derramamento de carga ,  , ICON , Nao Informado sexo , Semireboque , Faixa Etaria:35-39 , Idade veiculo: > 5 anos , noite , março,sexta-feira , Falta de Atencao a Conducao , Tombamento ,  , ICON , Nao Informado sexo , Semireboque , Faixa Etaria:35-39 , Idade veiculo: > 5 anos , noite , março
47,fim_de_semana , Falta de Atencao a Conducao , Colisao traseira ,  , HONDA , Masculino , Motocicleta , Faixa Etaria:30-34 , Idade veiculo: > 10 anos , tarde , março,fim_de_semana , Falta de Atencao a Conducao , Colisao traseira ,  , FORD , Masculino , Caminhonete , Faixa Etaria:40-44 , Idade veiculo: > 20 anos , tarde , março
48,terca-feira , Defeito Mecanico no Veiculo , Incendio ,  , FORD , Masculino , Caminhao , Faixa Etaria:50-54 , Idade veiculo: > 20 anos , noite , março
49,terca-feira , Nao guardar distancia de seguranca , Colisao lateral ,  , HONDA , Masculino , Motocicleta , Faixa Etaria:40-44 , Idade veiculo: > 10 anos , noite , março,terca-feira , Nao guardar distancia de seguranca , Colisao lateral ,  , FIAT , Masculino , Automovel , Faixa Etaria:40-44 , Idade veiculo: > 10 anos , noite , março,terca-feira , Nao guardar distancia de seguranca , Colisao lateral ,  , HONDA , Masculino , Motocicleta , Faixa Etaria:55-59 , Idade veiculo: > 10 anos , noite , março
50,quarta-feira , Falta de Atencao a Conducao , Tombamento ,  , M.BENZ , Masculino , Caminhao , Faixa Etaria:35-39 , Idade veiculo: > 20 anos , madrugada , março
51,sexta-feira , Sinalizacao da via insuficiente ou inadequada , Tombamento ,  , DAFRA , Feminino , Motocicleta , Faixa Etaria:25-29 , Idade veiculo: > 10 anos , tarde , março,sexta-feira , Falta de Atencao a Conducao , Tombamento ,  , DAFRA , Feminino , Motocicleta , Faixa Etaria:25-29 , Idade veiculo: > 10 anos , tarde , março,sexta-feira , Sinalizacao da via insuficiente ou inadequada , Colisao lateral ,  , DAFRA , Feminino , Motocicleta , Faixa Etaria:25-29 , Idade veiculo: > 10 anos , tarde , março,sexta-feira , Falta de Atencao a Conducao , Colisao lateral ,  , DAFRA , Feminino , Motocicleta , Faixa Etaria:25-29 , Idade veiculo: > 10 anos , tarde , março,sexta-feira , Sinalizacao da via insuficiente ou inadequada , Tombamento ,  , M.BENZ , Masculino , Caminhao , Faixa Etaria:60-64 , Idade veiculo: > 5 anos , tarde , março,sexta-feira , Falta de Atencao a Conducao , Tombamento ,  , M.BENZ , Masculino , Caminhao , Faixa Etaria:60-64 , Idade veiculo: > 5 anos , tarde , março,sexta-feira , Sinalizacao da via insuficiente ou inadequada , Colisao lateral ,  , M.BENZ , Masculino , Caminhao , Faixa Etaria:60-64 , Idade veiculo: > 5 anos , tarde , março,sexta-feira , Falta de Atencao a Conducao , Colisao lateral ,  , M.BENZ , Masculino , Caminhao , Faixa Etaria:60-64 , Idade veiculo: > 5 anos , tarde , março
52,terca-feira , Desobediencia as normas de transito pelo condutor , Colisao com objeto estatico ,  , RENAULT , Masculino , Automovel , Faixa Etaria:30-34 , Idade veiculo: > 10 anos , madrugada , abril,terca-feira , Desobediencia as normas de transito pelo condutor , Colisao com objeto estatico ,  , Nao Informado , Nao Informado sexo , Automovel , Faixa Etaria:35-39 , Idade veiculo: > 5 anos , madrugada , abril
53,quarta-feira , Avarias e/ou desgaste excessivo no pneu , Capotamento ,  , VW , Masculino , Automovel , NA , Idade veiculo: > 10 anos , madrugada , abril,quarta-feira , Velocidade Incompativel , Capotamento ,  , VW , Masculino , Automovel , NA , Idade veiculo: > 10 anos , madrugada , abril,quarta-feira , Avarias e/ou desgaste excessivo no pneu , Colisao com objeto estatico ,  , VW , Masculino , Automovel , NA , Idade veiculo: > 10 anos , madrugada , abril,quarta-feira , Velocidade Incompativel , Colisao com objeto estatico ,  , VW , Masculino , Automovel , NA , Idade veiculo: > 10 anos , madrugada , abril,quarta-feira , Avarias e/ou desgaste excessivo no pneu , Capotamento ,  , VW , Masculino , Automovel , Faixa Etaria:20-24 , Idade veiculo: > 10 anos , madrugada , abril,quarta-feira , Velocidade Incompativel , Capotamento ,  , VW , Masculino , Automovel , Faixa Etaria:20-24 , Idade veiculo: > 10 anos , madrugada , abril,quarta-feira , Avarias e/ou desgaste excessivo no pneu , Colisao com objeto estatico ,  , VW , Masculino , Automovel , Faixa Etaria:20-24 , Idade veiculo: > 10 anos , madrugada , abril,quarta-feira , Velocidade Incompativel , Colisao com objeto estatico ,  , VW , Masculino , Automovel , Faixa Etaria:20-24 , Idade veiculo: > 10 anos , madrugada , abril,quarta-feira , Avarias e/ou desgaste excessivo no pneu , Capotamento ,  , VW , Feminino , Automovel , Faixa Etaria:20-24 , Idade veiculo: > 10 anos , madrugada , abril,quarta-feira , Velocidade Incompativel , Capotamento ,  , VW , Feminino , Automovel , Faixa Etaria:20-24 , Idade veiculo: > 10 anos , madrugada , abril,quarta-feira , Avarias e/ou desgaste excessivo no pneu , Colisao com objeto estatico ,  , VW , Feminino , Automovel , Faixa Etaria:20-24 , Idade veiculo: > 10 anos , madrugada , abril,quarta-feira , Velocidade Incompativel , Colisao com objeto estatico ,  , VW , Feminino , Automovel , Faixa Etaria:20-24 , Idade veiculo: > 10 anos , madrugada , abril,quarta-feira , Avarias e/ou desgaste excessivo no pneu , Capotamento ,  , VW , Masculino , Automovel , Faixa Etaria:20-24 , Idade veiculo: > 10 anos , madrugada , abril,quarta-feira , Velocidade Incompativel , Capotamento ,  , VW , Masculino , Automovel , Faixa Etaria:20-24 , Idade veiculo: > 10 anos , madrugada , abril,quarta-feira , Avarias e/ou desgaste excessivo no pneu , Colisao com objeto estatico ,  , VW , Masculino , Automovel , Faixa Etaria:20-24 , Idade veiculo: > 10 anos , madrugada , abril,quarta-feira , Velocidade Incompativel , Colisao com objeto estatico ,  , VW , Masculino , Automovel , Faixa Etaria:20-24 , Idade veiculo: > 10 anos , madrugada , abril,quarta-feira , Avarias e/ou desgaste excessivo no pneu , Capotamento ,  , VW , Masculino , Automovel , Faixa Etaria:20-24 , Idade veiculo: > 10 anos , madrugada , abril,quarta-feira , Velocidade Incompativel , Capotamento ,  , VW , Masculino , Automovel , Faixa Etaria:20-24 , Idade veiculo: > 10 anos , madrugada , abril,quarta-feira , Avarias e/ou desgaste excessivo no pneu , Colisao com objeto estatico ,  , VW , Masculino , Automovel , Faixa Etaria:20-24 , Idade veiculo: > 10 anos , madrugada , abril,quarta-feira , Velocidade Incompativel , Colisao com objeto estatico ,  , VW , Masculino , Automovel , Faixa Etaria:20-24 , Idade veiculo: > 10 anos , madrugada , abril
54,quinta-feira , Falta de Atencao a Conducao , Queda de ocupante de veiculo ,  , SUZUKI , Masculino , Motocicleta , Faixa Etaria:45-49 , Idade veiculo: > 10 anos , noite , abril,quinta-feira , Desobediencia as normas de transito pelo condutor , Queda de ocupante de veiculo ,  , SUZUKI , Masculino , Motocicleta , Faixa Etaria:45-49 , Idade veiculo: > 10 anos , noite , abril,quinta-feira , Falta de Atencao a Conducao , Colisao lateral ,  , SUZUKI , Masculino , Motocicleta , Faixa Etaria:45-49 , Idade veiculo: > 10 anos , noite , abril,quinta-feira , Desobediencia as normas de transito pelo condutor , Colisao lateral ,  , SUZUKI , Masculino , Motocicleta , Faixa Etaria:45-49 , Idade veiculo: > 10 anos , noite , abril
55,quinta-feira , Defeito Mecanico no Veiculo , Colisao traseira ,  , PEUGEOT , Masculino , Caminhonete , Faixa Etaria:25-29 , Idade veiculo: < 3 anos , noite , abril,quinta-feira , Defeito Mecanico no Veiculo , Queda de ocupante de veiculo ,  , PEUGEOT , Masculino , Caminhonete , Faixa Etaria:25-29 , Idade veiculo: < 3 anos , noite , abril,quinta-feira , Defeito Mecanico no Veiculo , Colisao traseira ,  , YAMAHA , Masculino , Motocicleta , Faixa Etaria:35-39 , Idade veiculo: > 15 anos , noite , abril,quinta-feira , Defeito Mecanico no Veiculo , Queda de ocupante de veiculo ,  , YAMAHA , Masculino , Motocicleta , Faixa Etaria:35-39 , Idade veiculo: > 15 anos , noite , abril
56,segunda-feira , Falta de Atencao a Conducao , Tombamento ,  , HONDA , Masculino , Motocicleta , Faixa Etaria:20-24 , Idade veiculo: > 10 anos , madrugada , abril,segunda-feira , Falta de Atencao a Conducao , Colisao com objeto estatico ,  , HONDA , Masculino , Motocicleta , Faixa Etaria:20-24 , Idade veiculo: > 10 anos , madrugada , abril,segunda-feira , Falta de Atencao a Conducao , Tombamento ,  , KAWASAKI , Masculino , Motocicleta , Faixa Etaria:25-29 , Idade veiculo: < 3 anos , madrugada , abril,segunda-feira , Falta de Atencao a Conducao , Colisao com objeto estatico ,  , KAWASAKI , Masculino , Motocicleta , Faixa Etaria:25-29 , Idade veiculo: < 3 anos , madrugada , abril
57,segunda-feira , Desobediencia as normas de transito pelo condutor , Queda de ocupante de veiculo ,  , YAMAHA , Masculino , Motocicleta , Faixa Etaria:45-49 , Idade veiculo: > 5 anos , noite , abril,segunda-feira , Nao guardar distancia de seguranca , Queda de ocupante de veiculo ,  , YAMAHA , Masculino , Motocicleta , Faixa Etaria:45-49 , Idade veiculo: > 5 anos , noite , abril,segunda-feira , Desobediencia as normas de transito pelo condutor , Colisao traseira ,  , YAMAHA , Masculino , Motocicleta , Faixa Etaria:45-49 , Idade veiculo: > 5 anos , noite , abril,segunda-feira , Nao guardar distancia de seguranca , Colisao traseira ,  , YAMAHA , Masculino , Motocicleta , Faixa Etaria:45-49 , Idade veiculo: > 5 anos , noite , abril,segunda-feira , Desobediencia as normas de transito pelo condutor , Queda de ocupante de veiculo ,  , VW , Masculino , Automovel , Faixa Etaria:55-59 , Idade veiculo: < 3 anos , noite , abril,segunda-feira , Nao guardar distancia de seguranca , Queda de ocupante de veiculo ,  , VW , Masculino , Automovel , Faixa Etaria:55-59 , Idade veiculo: < 3 anos , noite , abril,segunda-feira , Desobediencia as normas de transito pelo condutor , Colisao traseira ,  , VW , Masculino , Automovel , Faixa Etaria:55-59 , Idade veiculo: < 3 anos , noite , abril,segunda-feira , Nao guardar distancia de seguranca , Colisao traseira ,  , VW , Masculino , Automovel , Faixa Etaria:55-59 , Idade veiculo: < 3 anos , noite , abril
58,sexta-feira , Falta de Atencao a Conducao , Colisao com objeto estatico ,  , YAMAHA , Masculino , Motocicleta , Faixa Etaria:35-39 , Idade veiculo: > 10 anos , madrugada , abril,sexta-feira , Falta de Atencao a Conducao , Saida de leito carroc vel ,  , YAMAHA , Masculino , Motocicleta , Faixa Etaria:35-39 , Idade veiculo: > 10 anos , madrugada , abril
59,fim_de_semana , Ingestao de Alcool , Colisao com objeto estatico ,  , VW , Masculino , Onibus , Faixa Etaria:25-29 , Idade veiculo: > 5 anos , noite , abril,fim_de_semana , Ingestao de Alcool , Colisao com objeto estatico ,  , VW , Nao Informado sexo , Onibus , Faixa Etaria:35-39 , Idade veiculo: > 5 anos , noite , abril
60,fim_de_semana , Defeito Mecanico no Veiculo , Colisao com objeto estatico ,  , HONDA , Masculino , Automovel , Faixa Etaria:20-24 , Idade veiculo: > 10 anos , madrugada , abril,fim_de_semana , Defeito Mecanico no Veiculo , Colisao frontal ,  , HONDA , Masculino , Automovel , Faixa Etaria:20-24 , Idade veiculo: > 10 anos , madrugada , abril,fim_de_semana , Defeito Mecanico no Veiculo , Colisao frontal ,  , HONDA , Masculino , Automovel , Faixa Etaria:20-24 , Idade veiculo: > 10 anos , madrugada , abril,fim_de_semana , Defeito Mecanico no Veiculo , Colisao com objeto estatico ,  , GM , Masculino , Automovel , Faixa Etaria:35-39 , Idade veiculo: > 15 anos , madrugada , abril,fim_de_semana , Defeito Mecanico no Veiculo , Colisao frontal ,  , GM , Masculino , Automovel , Faixa Etaria:35-39 , Idade veiculo: > 15 anos , madrugada , abril,fim_de_semana , Defeito Mecanico no Veiculo , Colisao frontal ,  , GM , Masculino , Automovel , Faixa Etaria:35-39 , Idade veiculo: > 15 anos , madrugada , abril,fim_de_semana , Defeito Mecanico no Veiculo , Colisao com objeto estatico ,  , HONDA , Masculino , Automovel , Faixa Etaria:45-49 , Idade veiculo: > 10 anos , madrugada , abril,fim_de_semana , Defeito Mecanico no Veiculo , Colisao frontal ,  , HONDA , Masculino , Automovel , Faixa Etaria:45-49 , Idade veiculo: > 10 anos , madrugada , abril,fim_de_semana , Defeito Mecanico no Veiculo , Colisao frontal ,  , HONDA , Masculino , Automovel , Faixa Etaria:45-49 , Idade veiculo: > 10 anos , madrugada , abril
61,segunda-feira , Falta de Atencao a Conducao , Colisao com objeto estatico ,  , HYUNDAI , Masculino , Camioneta , Faixa Etaria:40-44 , Idade veiculo: > 5 anos , madrugada , abril
62,quarta-feira , Nao guardar distancia de seguranca , Colisao traseira ,  , VW , Masculino , Automovel , Faixa Etaria:50-54 , Idade veiculo: > 5 anos , noite , abril,quarta-feira , Falta de Atencao a Conducao , Colisao traseira ,  , VW , Masculino , Automovel , Faixa Etaria:50-54 , Idade veiculo: > 5 anos , noite , abril,quarta-feira , Nao guardar distancia de seguranca , Colisao traseira ,  , DAFRA , Masculino , Motocicleta , Faixa Etaria:55-59 , Idade veiculo: > 5 anos , noite , abril,quarta-feira , Falta de Atencao a Conducao , Colisao traseira ,  , DAFRA , Masculino , Motocicleta , Faixa Etaria:55-59 , Idade veiculo: > 5 anos , noite , abril,quarta-feira , Nao guardar distancia de seguranca , Colisao traseira ,  , TOYOTA , Feminino , Automovel , Faixa Etaria:65-69 , Idade veiculo: < 3 anos , noite , abril,quarta-feira , Falta de Atencao a Conducao , Colisao traseira ,  , TOYOTA , Feminino , Automovel , Faixa Etaria:65-69 , Idade veiculo: < 3 anos , noite , abril
63,sexta-feira , Defeito na Via , Queda de ocupante de veiculo ,  , HONDA , Masculino , Motocicleta , Faixa Etaria:25-29 , Idade veiculo: > 10 anos , madrugada , abril,sexta-feira , Defeito na Via , Colisao com objeto em movimento ,  , HONDA , Masculino , Motocicleta , Faixa Etaria:25-29 , Idade veiculo: > 10 anos , madrugada , abril
64,fim_de_semana , Velocidade Incompativel , Tombamento ,  , KAWASAKI , Masculino , Motocicleta , Faixa Etaria:25-29 , Idade veiculo: > 5 anos , noite , abril
65,terca-feira , Falta de Atencao a Conducao , Colisao frontal ,  , SCANIA , Masculino , Caminhao-trator , Faixa Etaria:30-34 , Idade veiculo: > 5 anos , madrugada , março,terca-feira , Velocidade Incompativel , Colisao frontal ,  , SCANIA , Masculino , Caminhao-trator , Faixa Etaria:30-34 , Idade veiculo: > 5 anos , madrugada , março,terca-feira , Falta de Atencao a Conducao , Colisao com objeto estatico ,  , SCANIA , Masculino , Caminhao-trator , Faixa Etaria:30-34 , Idade veiculo: > 5 anos , madrugada , março,terca-feira , Velocidade Incompativel , Colisao com objeto estatico ,  , SCANIA , Masculino , Caminhao-trator , Faixa Etaria:30-34 , Idade veiculo: > 5 anos , madrugada , março,terca-feira , Falta de Atencao a Conducao , Colisao lateral ,  , SCANIA , Masculino , Caminhao-trator , Faixa Etaria:30-34 , Idade veiculo: > 5 anos , madrugada , março,terca-feira , Velocidade Incompativel , Colisao lateral ,  , SCANIA , Masculino , Caminhao-trator , Faixa Etaria:30-34 , Idade veiculo: > 5 anos , madrugada , março,terca-feira , Falta de Atencao a Conducao , Colisao frontal ,  , FACCHINI , Nao Informado sexo , Semireboque , Faixa Etaria:35-39 , Idade veiculo: > 10 anos , madrugada , março,terca-feira , Velocidade Incompativel , Colisao frontal ,  , FACCHINI , Nao Informado sexo , Semireboque , Faixa Etaria:35-39 , Idade veiculo: > 10 anos , madrugada , março,terca-feira , Falta de Atencao a Conducao , Colisao com objeto estatico ,  , FACCHINI , Nao Informado sexo , Semireboque , Faixa Etaria:35-39 , Idade veiculo: > 10 anos , madrugada , março,terca-feira , Velocidade Incompativel , Colisao com objeto estatico ,  , FACCHINI , Nao Informado sexo , Semireboque , Faixa Etaria:35-39 , Idade veiculo: > 10 anos , madrugada , março,terca-feira , Falta de Atencao a Conducao , Colisao lateral ,  , FACCHINI , Nao Informado sexo , Semireboque , Faixa Etaria:35-39 , Idade veiculo: > 10 anos , madrugada , março,terca-feira , Velocidade Incompativel , Colisao lateral ,  , FACCHINI , Nao Informado sexo , Semireboque , Faixa Etaria:35-39 , Idade veiculo: > 10 anos , madrugada , março,terca-feira , Falta de Atencao a Conducao , Colisao frontal ,  , FACCHINI , Nao Informado sexo , Semireboque , Faixa Etaria:35-39 , Idade veiculo: > 10 anos , madrugada , março,terca-feira , Velocidade Incompativel , Colisao frontal ,  , FACCHINI , Nao Informado sexo , Semireboque , Faixa Etaria:35-39 , Idade veiculo: > 10 anos , madrugada , março,terca-feira , Falta de Atencao a Conducao , Colisao com objeto estatico ,  , FACCHINI , Nao Informado sexo , Semireboque , Faixa Etaria:35-39 , Idade veiculo: > 10 anos , madrugada , março,terca-feira , Velocidade Incompativel , Colisao com objeto estatico ,  , FACCHINI , Nao Informado sexo , Semireboque , Faixa Etaria:35-39 , Idade veiculo: > 10 anos , madrugada , março,terca-feira , Falta de Atencao a Conducao , Colisao lateral ,  , FACCHINI , Nao Informado sexo , Semireboque , Faixa Etaria:35-39 , Idade veiculo: > 10 anos , madrugada , março,terca-feira , Velocidade Incompativel , Colisao lateral ,  , FACCHINI , Nao Informado sexo , Semireboque , Faixa Etaria:35-39 , Idade veiculo: > 10 anos , madrugada , março,terca-feira , Falta de Atencao a Conducao , Colisao frontal ,  , GM , Feminino , Automovel , Faixa Etaria:35-39 , Idade veiculo: > 5 anos , madrugada , março,terca-feira , Velocidade Incompativel , Colisao frontal ,  , GM , Feminino , Automovel , Faixa Etaria:35-39 , Idade veiculo: > 5 anos , madrugada , março,terca-feira , Falta de Atencao a Conducao , Colisao com objeto estatico ,  , GM , Feminino , Automovel , Faixa Etaria:35-39 , Idade veiculo: > 5 anos , madrugada , março,terca-feira , Velocidade Incompativel , Colisao com objeto estatico ,  , GM , Feminino , Automovel , Faixa Etaria:35-39 , Idade veiculo: > 5 anos , madrugada , março,terca-feira , Falta de Atencao a Conducao , Colisao lateral ,  , GM , Feminino , Automovel , Faixa Etaria:35-39 , Idade veiculo: > 5 anos , madrugada , março,terca-feira , Velocidade Incompativel , Colisao lateral ,  , GM , Feminino , Automovel , Faixa Etaria:35-39 , Idade veiculo: > 5 anos , madrugada , março,terca-feira , Falta de Atencao a Conducao , Colisao frontal ,  , SAO PEDRO , Nao Informado sexo , Semireboque , Faixa Etaria:35-39 , Idade veiculo: > 5 anos , madrugada , março,terca-feira , Velocidade Incompativel , Colisao frontal ,  , SAO PEDRO , Nao Informado sexo , Semireboque , Faixa Etaria:35-39 , Idade veiculo: > 5 anos , madrugada , março,terca-feira , Falta de Atencao a Conducao , Colisao com objeto estatico ,  , SAO PEDRO , Nao Informado sexo , Semireboque , Faixa Etaria:35-39 , Idade veiculo: > 5 anos , madrugada , março,terca-feira , Velocidade Incompativel , Colisao com objeto estatico ,  , SAO PEDRO , Nao Informado sexo , Semireboque , Faixa Etaria:35-39 , Idade veiculo: > 5 anos , madrugada , março,terca-feira , Falta de Atencao a Conducao , Colisao lateral ,  , SAO PEDRO , Nao Informado sexo , Semireboque , Faixa Etaria:35-39 , Idade veiculo: > 5 anos , madrugada , março,terca-feira , Velocidade Incompativel , Colisao lateral ,  , SAO PEDRO , Nao Informado sexo , Semireboque , Faixa Etaria:35-39 , Idade veiculo: > 5 anos , madrugada , março,terca-feira , Falta de Atencao a Conducao , Colisao frontal ,  , IVECO , Masculino , Caminhao-trator , Faixa Etaria:40-44 , Idade veiculo: > 5 anos , madrugada , março,terca-feira , Velocidade Incompativel , Colisao frontal ,  , IVECO , Masculino , Caminhao-trator , Faixa Etaria:40-44 , Idade veiculo: > 5 anos , madrugada , março,terca-feira , Falta de Atencao a Conducao , Colisao com objeto estatico ,  , IVECO , Masculino , Caminhao-trator , Faixa Etaria:40-44 , Idade veiculo: > 5 anos , madrugada , março,terca-feira , Velocidade Incompativel , Colisao com objeto estatico ,  , IVECO , Masculino , Caminhao-trator , Faixa Etaria:40-44 , Idade veiculo: > 5 anos , madrugada , março,terca-feira , Falta de Atencao a Conducao , Colisao lateral ,  , IVECO , Masculino , Caminhao-trator , Faixa Etaria:40-44 , Idade veiculo: > 5 anos , madrugada , março,terca-feira , Velocidade Incompativel , Colisao lateral ,  , IVECO , Masculino , Caminhao-trator , Faixa Etaria:40-44 , Idade veiculo: > 5 anos , madrugada , março
66,quarta-feira , Velocidade Incompativel , Colisao com objeto estatico ,  , RENAULT , Feminino , Automovel , Faixa Etaria:35-39 , Idade veiculo: > 10 anos , madrugada , maio,quarta-feira , Velocidade Incompativel , Saida de leito carroc vel ,  , RENAULT , Feminino , Automovel , Faixa Etaria:35-39 , Idade veiculo: > 10 anos , madrugada , maio,quarta-feira , Velocidade Incompativel , Colisao com objeto estatico ,  , RENAULT , Masculino , Automovel , Faixa Etaria:40-44 , Idade veiculo: > 10 anos , madrugada , maio,quarta-feira , Velocidade Incompativel , Saida de leito carroc vel ,  , RENAULT , Masculino , Automovel , Faixa Etaria:40-44 , Idade veiculo: > 10 anos , madrugada , maio
67,quinta-feira , Nao guardar distancia de seguranca , Colisao lateral ,  , VW , Masculino , Caminhao , Faixa Etaria:30-34 , Idade veiculo: > 10 anos , tarde , maio,quinta-feira , Velocidade Incompativel , Colisao lateral ,  , VW , Masculino , Caminhao , Faixa Etaria:30-34 , Idade veiculo: > 10 anos , tarde , maio,quinta-feira , Nao guardar distancia de seguranca , Colisao traseira ,  , VW , Masculino , Caminhao , Faixa Etaria:30-34 , Idade veiculo: > 10 anos , tarde , maio,quinta-feira , Velocidade Incompativel , Colisao traseira ,  , VW , Masculino , Caminhao , Faixa Etaria:30-34 , Idade veiculo: > 10 anos , tarde , maio,quinta-feira , Nao guardar distancia de seguranca , Colisao lateral ,  , NOMA , Nao Informado sexo , Semireboque , Faixa Etaria:35-39 , Idade veiculo: > 10 anos , tarde , maio,quinta-feira , Velocidade Incompativel , Colisao lateral ,  , NOMA , Nao Informado sexo , Semireboque , Faixa Etaria:35-39 , Idade veiculo: > 10 anos , tarde , maio,quinta-feira , Nao guardar distancia de seguranca , Colisao traseira ,  , NOMA , Nao Informado sexo , Semireboque , Faixa Etaria:35-39 , Idade veiculo: > 10 anos , tarde , maio,quinta-feira , Velocidade Incompativel , Colisao traseira ,  , NOMA , Nao Informado sexo , Semireboque , Faixa Etaria:35-39 , Idade veiculo: > 10 anos , tarde , maio,quinta-feira , Nao guardar distancia de seguranca , Colisao lateral ,  , NOMA , Nao Informado sexo , Semireboque , Faixa Etaria:35-39 , Idade veiculo: > 10 anos , tarde , maio,quinta-feira , Velocidade Incompativel , Colisao lateral ,  , NOMA , Nao Informado sexo , Semireboque , Faixa Etaria:35-39 , Idade veiculo: > 10 anos , tarde , maio,quinta-feira , Nao guardar distancia de seguranca , Colisao traseira ,  , NOMA , Nao Informado sexo , Semireboque , Faixa Etaria:35-39 , Idade veiculo: > 10 anos , tarde , maio,quinta-feira , Velocidade Incompativel , Colisao traseira ,  , NOMA , Nao Informado sexo , Semireboque , Faixa Etaria:35-39 , Idade veiculo: > 10 anos , tarde , maio,quinta-feira , Nao guardar distancia de seguranca , Colisao lateral ,  , RANDON , Nao Informado sexo , Semireboque , Faixa Etaria:35-39 , Idade veiculo: > 10 anos , tarde , maio,quinta-feira , Velocidade Incompativel , Colisao lateral ,  , RANDON , Nao Informado sexo , Semireboque , Faixa Etaria:35-39 , Idade veiculo: > 10 anos , tarde , maio,quinta-feira , Nao guardar distancia de seguranca , Colisao traseira ,  , RANDON , Nao Informado sexo , Semireboque , Faixa Etaria:35-39 , Idade veiculo: > 10 anos , tarde , maio,quinta-feira , Velocidade Incompativel , Colisao traseira ,  , RANDON , Nao Informado sexo , Semireboque , Faixa Etaria:35-39 , Idade veiculo: > 10 anos , tarde , maio,quinta-feira , Nao guardar distancia de seguranca , Colisao lateral ,  , SCANIA , Masculino , Caminhao-trator , Faixa Etaria:40-44 , Idade veiculo: < 3 anos , tarde , maio,quinta-feira , Velocidade Incompativel , Colisao lateral ,  , SCANIA , Masculino , Caminhao-trator , Faixa Etaria:40-44 , Idade veiculo: < 3 anos , tarde , maio,quinta-feira , Nao guardar distancia de seguranca , Colisao traseira ,  , SCANIA , Masculino , Caminhao-trator , Faixa Etaria:40-44 , Idade veiculo: < 3 anos , tarde , maio,quinta-feira , Velocidade Incompativel , Colisao traseira ,  , SCANIA , Masculino , Caminhao-trator , Faixa Etaria:40-44 , Idade veiculo: < 3 anos , tarde , maio,quinta-feira , Nao guardar distancia de seguranca , Colisao lateral ,  , SCANIA , Masculino , Caminhao-trator , Faixa Etaria:55-59 , Idade veiculo: > 20 anos , tarde , maio,quinta-feira , Velocidade Incompativel , Colisao lateral ,  , SCANIA , Masculino , Caminhao-trator , Faixa Etaria:55-59 , Idade veiculo: > 20 anos , tarde , maio,quinta-feira , Nao guardar distancia de seguranca , Colisao traseira ,  , SCANIA , Masculino , Caminhao-trator , Faixa Etaria:55-59 , Idade veiculo: > 20 anos , tarde , maio,quinta-feira , Velocidade Incompativel , Colisao traseira ,  , SCANIA , Masculino , Caminhao-trator , Faixa Etaria:55-59 , Idade veiculo: > 20 anos , tarde , maio
68,sexta-feira , Avarias e/ou desgaste excessivo no pneu , Queda de ocupante de veiculo ,  , HONDA , Feminino , Motocicleta , Faixa Etaria:30-34 , Idade veiculo: > 5 anos , tarde , maio,sexta-feira , Avarias e/ou desgaste excessivo no pneu , Queda de ocupante de veiculo ,  , HONDA , Masculino , Motocicleta , Faixa Etaria:35-39 , Idade veiculo: > 5 anos , tarde , maio
69,sexta-feira , Nao guardar distancia de seguranca , Colisao traseira ,  , HONDA , Masculino , Motocicleta , Faixa Etaria:30-34 , Idade veiculo: > 5 anos , tarde , maio,sexta-feira , Nao guardar distancia de seguranca , Colisao traseira ,  , YAMAHA , Masculino , Motocicleta , Faixa Etaria:35-39 , Idade veiculo: > 5 anos , tarde , maio
70,sexta-feira , Falta de Atencao a Conducao , Capotamento ,  , VW , Masculino , Automovel , Faixa Etaria:45-49 , Idade veiculo: > 10 anos , madrugada , maio
71,fim_de_semana , Defeito Mecanico no Veiculo , Queda de ocupante de veiculo ,  , YAMAHA , Feminino , Motocicleta , Faixa Etaria:20-24 , Idade veiculo: > 5 anos , madrugada , maio,fim_de_semana , Defeito Mecanico no Veiculo , Queda de ocupante de veiculo ,  , YAMAHA , Masculino , Motocicleta , Faixa Etaria:25-29 , Idade veiculo: > 5 anos , madrugada , maio
72,quarta-feira , Falta de Atencao a Conducao , Queda de ocupante de veiculo ,  , HONDA , Masculino , Motocicleta , Faixa Etaria:20-24 , Idade veiculo: < 3 anos , tarde , maio,quarta-feira , Falta de Atencao a Conducao , Tombamento ,  , HONDA , Masculino , Motocicleta , Faixa Etaria:20-24 , Idade veiculo: < 3 anos , tarde , maio
73,segunda-feira , Falta de Atencao a Conducao , Queda de ocupante de veiculo ,  , HONDA , Feminino , Motoneta , Faixa Etaria:20-24 , Idade veiculo: < 3 anos , noite , abril,segunda-feira , Falta de Atencao a Conducao , Colisao traseira ,  , HONDA , Feminino , Motoneta , Faixa Etaria:20-24 , Idade veiculo: < 3 anos , noite , abril,segunda-feira , Falta de Atencao a Conducao , Queda de ocupante de veiculo ,  , HONDA , Masculino , Automovel , Faixa Etaria:20-24 , Idade veiculo: > 5 anos , noite , abril,segunda-feira , Falta de Atencao a Conducao , Colisao traseira ,  , HONDA , Masculino , Automovel , Faixa Etaria:20-24 , Idade veiculo: > 5 anos , noite , abril
74,sexta-feira , Avarias e/ou desgaste excessivo no pneu , Tombamento ,  , HONDA , Masculino , Motocicleta , Faixa Etaria:45-49 , Idade veiculo: > 10 anos , madrugada , maio
75,fim_de_semana , Falta de Atencao a Conducao , Colisao traseira ,  , JTZ , Masculino , Motoneta , Faixa Etaria:35-39 , Idade veiculo: < 3 anos , tarde , maio,fim_de_semana , Falta de Atencao a Conducao , Colisao traseira ,  , FORD , Masculino , Automovel , Faixa Etaria:60-64 , Idade veiculo: > 5 anos , tarde , maio
76,segunda-feira , Desobediencia as normas de transito pelo condutor , Colisao lateral ,  , M.BENZ , Masculino , Caminhonete , Faixa Etaria:30-34 , Idade veiculo: > 5 anos , noite , maio,segunda-feira , Nao guardar distancia de seguranca , Colisao lateral ,  , M.BENZ , Masculino , Caminhonete , Faixa Etaria:30-34 , Idade veiculo: > 5 anos , noite , maio,segunda-feira , Desobediencia as normas de transito pelo condutor , Colisao lateral ,  , TRIUMPH , Masculino , Motocicleta , Faixa Etaria:50-54 , Idade veiculo: > 10 anos , noite , maio,segunda-feira , Nao guardar distancia de seguranca , Colisao lateral ,  , TRIUMPH , Masculino , Motocicleta , Faixa Etaria:50-54 , Idade veiculo: > 10 anos , noite , maio
77,segunda-feira , Falta de Atencao a Conducao , Colisao lateral ,  , HONDA , Masculino , Motocicleta , Faixa Etaria:35-39 , Idade veiculo: > 10 anos , madrugada , maio,segunda-feira , Falta de Atencao a Conducao , Colisao lateral ,  , HONDA , Feminino , Motocicleta , Faixa Etaria:35-39 , Idade veiculo: > 10 anos , madrugada , maio,segunda-feira , Falta de Atencao a Conducao , Colisao lateral ,  , HONDA , Masculino , Motocicleta , Faixa Etaria:40-44 , Idade veiculo: > 5 anos , madrugada , maio
78,quarta-feira , Nao guardar distancia de seguranca , Colisao lateral ,  , YAMAHA , Masculino , Motocicleta , Faixa Etaria:25-29 , Idade veiculo: > 5 anos , madrugada , maio,quarta-feira , Nao guardar distancia de seguranca , Colisao lateral ,  , VOLVO , Masculino , Camioneta , Faixa Etaria:60-64 , Idade veiculo: > 5 anos , madrugada , maio
79,fim_de_semana , Pista Escorregadia , Capotamento ,  , GM , Masculino , Automovel , Faixa Etaria:50-54 , Idade veiculo: > 5 anos , tarde , maio,fim_de_semana , Pista Escorregadia , Capotamento ,  , GM , Feminino , Automovel , Faixa Etaria:80-84 , Idade veiculo: > 5 anos , tarde , maio
80,fim_de_semana , Desobediencia as normas de transito pelo condutor , Queda de ocupante de veiculo ,  , BMW , Nao Informado sexo , Motocicleta , Faixa Etaria:35-39 , Idade veiculo: < 3 anos , noite , maio,fim_de_semana , Desobediencia as normas de transito pelo condutor , Tombamento ,  , BMW , Nao Informado sexo , Motocicleta , Faixa Etaria:35-39 , Idade veiculo: < 3 anos , noite , maio,fim_de_semana , Desobediencia as normas de transito pelo condutor , Colisao traseira ,  , BMW , Nao Informado sexo , Motocicleta , Faixa Etaria:35-39 , Idade veiculo: < 3 anos , noite , maio,fim_de_semana , Desobediencia as normas de transito pelo condutor , Queda de ocupante de veiculo ,  , Nao Informado , Nao Informado sexo , Caminhao , Faixa Etaria:35-39 , Idade veiculo: > 5 anos , noite , maio,fim_de_semana , Desobediencia as normas de transito pelo condutor , Tombamento ,  , Nao Informado , Nao Informado sexo , Caminhao , Faixa Etaria:35-39 , Idade veiculo: > 5 anos , noite , maio,fim_de_semana , Desobediencia as normas de transito pelo condutor , Colisao traseira ,  , Nao Informado , Nao Informado sexo , Caminhao , Faixa Etaria:35-39 , Idade veiculo: > 5 anos , noite , maio,fim_de_semana , Desobediencia as normas de transito pelo condutor , Queda de ocupante de veiculo ,  , Nao Informado , Nao Informado sexo , Caminhao , Faixa Etaria:35-39 , Idade veiculo: > 5 anos , noite , maio,fim_de_semana , Desobediencia as normas de transito pelo condutor , Tombamento ,  , Nao Informado , Nao Informado sexo , Caminhao , Faixa Etaria:35-39 , Idade veiculo: > 5 anos , noite , maio,fim_de_semana , Desobediencia as normas de transito pelo condutor , Colisao traseira ,  , Nao Informado , Nao Informado sexo , Caminhao , Faixa Etaria:35-39 , Idade veiculo: > 5 anos , noite , maio,fim_de_semana , Desobediencia as normas de transito pelo condutor , Queda de ocupante de veiculo ,  , BMW , Masculino , Motocicleta , Faixa Etaria:45-49 , Idade veiculo: < 3 anos , noite , maio,fim_de_semana , Desobediencia as normas de transito pelo condutor , Tombamento ,  , BMW , Masculino , Motocicleta , Faixa Etaria:45-49 , Idade veiculo: < 3 anos , noite , maio,fim_de_semana , Desobediencia as normas de transito pelo condutor , Colisao traseira ,  , BMW , Masculino , Motocicleta , Faixa Etaria:45-49 , Idade veiculo: < 3 anos , noite , maio
81,terca-feira , Falta de Atencao a Conducao , Colisao com objeto estatico ,  , VW , Masculino , Automovel , Faixa Etaria:20-24 , Idade veiculo: > 20 anos , noite , maio,terca-feira , Velocidade Incompativel , Colisao com objeto estatico ,  , VW , Masculino , Automovel , Faixa Etaria:20-24 , Idade veiculo: > 20 anos , noite , maio,terca-feira , Falta de Atencao a Conducao , Capotamento ,  , VW , Masculino , Automovel , Faixa Etaria:20-24 , Idade veiculo: > 20 anos , noite , maio,terca-feira , Velocidade Incompativel , Capotamento ,  , VW , Masculino , Automovel , Faixa Etaria:20-24 , Idade veiculo: > 20 anos , noite , maio
82,quinta-feira , Nao guardar distancia de seguranca , Queda de ocupante de veiculo ,  , HONDA , Masculino , Automovel , Faixa Etaria:50-54 , Idade veiculo: > 15 anos , madrugada , maio,quinta-feira , Nao guardar distancia de seguranca , Colisao traseira ,  , HONDA , Masculino , Automovel , Faixa Etaria:50-54 , Idade veiculo: > 15 anos , madrugada , maio,quinta-feira , Nao guardar distancia de seguranca , Queda de ocupante de veiculo ,  , YAMAHA , Masculino , Motoneta , Faixa Etaria:60-64 , Idade veiculo: < 3 anos , madrugada , maio,quinta-feira , Nao guardar distancia de seguranca , Colisao traseira ,  , YAMAHA , Masculino , Motoneta , Faixa Etaria:60-64 , Idade veiculo: < 3 anos , madrugada , maio
83,fim_de_semana , Desobediencia as normas de transito pelo condutor , Tombamento ,  , YAMAHA , Feminino , Motocicleta , Faixa Etaria:30-34 , Idade veiculo: < 3 anos , tarde , maio,fim_de_semana , Falta de Atencao a Conducao , Tombamento ,  , YAMAHA , Feminino , Motocicleta , Faixa Etaria:30-34 , Idade veiculo: < 3 anos , tarde , maio,fim_de_semana , Desobediencia as normas de transito pelo condutor , Colisao lateral ,  , YAMAHA , Feminino , Motocicleta , Faixa Etaria:30-34 , Idade veiculo: < 3 anos , tarde , maio,fim_de_semana , Falta de Atencao a Conducao , Colisao lateral ,  , YAMAHA , Feminino , Motocicleta , Faixa Etaria:30-34 , Idade veiculo: < 3 anos , tarde , maio,fim_de_semana , Desobediencia as normas de transito pelo condutor , Tombamento ,  , YAMAHA , Masculino , Motocicleta , Faixa Etaria:35-39 , Idade veiculo: < 3 anos , tarde , maio,fim_de_semana , Falta de Atencao a Conducao , Tombamento ,  , YAMAHA , Masculino , Motocicleta , Faixa Etaria:35-39 , Idade veiculo: < 3 anos , tarde , maio,fim_de_semana , Desobediencia as normas de transito pelo condutor , Colisao lateral ,  , YAMAHA , Masculino , Motocicleta , Faixa Etaria:35-39 , Idade veiculo: < 3 anos , tarde , maio,fim_de_semana , Falta de Atencao a Conducao , Colisao lateral ,  , YAMAHA , Masculino , Motocicleta , Faixa Etaria:35-39 , Idade veiculo: < 3 anos , tarde , maio,fim_de_semana , Desobediencia as normas de transito pelo condutor , Tombamento ,  , FIAT , Masculino , Automovel , Faixa Etaria:60-64 , Idade veiculo: > 20 anos , tarde , maio,fim_de_semana , Falta de Atencao a Conducao , Tombamento ,  , FIAT , Masculino , Automovel , Faixa Etaria:60-64 , Idade veiculo: > 20 anos , tarde , maio,fim_de_semana , Desobediencia as normas de transito pelo condutor , Colisao lateral ,  , FIAT , Masculino , Automovel , Faixa Etaria:60-64 , Idade veiculo: > 20 anos , tarde , maio,fim_de_semana , Falta de Atencao a Conducao , Colisao lateral ,  , FIAT , Masculino , Automovel , Faixa Etaria:60-64 , Idade veiculo: > 20 anos , tarde , maio
84,fim_de_semana , Falta de Atencao a Conducao , Capotamento ,  , RENAULT , Masculino , Automovel , NA , Idade veiculo: > 5 anos , madrugada , maio,fim_de_semana , Falta de Atencao a Conducao , Saida de leito carroc vel ,  , RENAULT , Masculino , Automovel , NA , Idade veiculo: > 5 anos , madrugada , maio,fim_de_semana , Falta de Atencao a Conducao , Capotamento ,  , RENAULT , Masculino , Automovel , Faixa Etaria:20-24 , Idade veiculo: > 5 anos , madrugada , maio,fim_de_semana , Falta de Atencao a Conducao , Saida de leito carroc vel ,  , RENAULT , Masculino , Automovel , Faixa Etaria:20-24 , Idade veiculo: > 5 anos , madrugada , maio,fim_de_semana , Falta de Atencao a Conducao , Capotamento ,  , RENAULT , Feminino , Automovel , Faixa Etaria:20-24 , Idade veiculo: > 5 anos , madrugada , maio,fim_de_semana , Falta de Atencao a Conducao , Saida de leito carroc vel ,  , RENAULT , Feminino , Automovel , Faixa Etaria:20-24 , Idade veiculo: > 5 anos , madrugada , maio,fim_de_semana , Falta de Atencao a Conducao , Capotamento ,  , RENAULT , Masculino , Automovel , Faixa Etaria:20-24 , Idade veiculo: > 5 anos , madrugada , maio,fim_de_semana , Falta de Atencao a Conducao , Saida de leito carroc vel ,  , RENAULT , Masculino , Automovel , Faixa Etaria:20-24 , Idade veiculo: > 5 anos , madrugada , maio,fim_de_semana , Falta de Atencao a Conducao , Capotamento ,  , RENAULT , Masculino , Automovel , Faixa Etaria:20-24 , Idade veiculo: > 5 anos , madrugada , maio,fim_de_semana , Falta de Atencao a Conducao , Saida de leito carroc vel ,  , RENAULT , Masculino , Automovel , Faixa Etaria:20-24 , Idade veiculo: > 5 anos , madrugada , maio
85,segunda-feira , Velocidade Incompativel , Capotamento ,  , FIAT , Masculino , Automovel , Faixa Etaria:35-39 , Idade veiculo: > 20 anos , madrugada , maio,segunda-feira , Velocidade Incompativel , Colisao com objeto estatico ,  , FIAT , Masculino , Automovel , Faixa Etaria:35-39 , Idade veiculo: > 20 anos , madrugada , maio,segunda-feira , Velocidade Incompativel , Saida de leito carroc vel ,  , FIAT , Masculino , Automovel , Faixa Etaria:35-39 , Idade veiculo: > 20 anos , madrugada , maio
86,quarta-feira , Falta de Atencao a Conducao , Tombamento ,  , NISSAN , Masculino , Automovel , Faixa Etaria:30-34 , Idade veiculo: > 5 anos , noite , maio,quarta-feira , Falta de Atencao a Conducao , Tombamento ,  , Nao Informado , Nao Informado sexo , Automovel , Faixa Etaria:35-39 , Idade veiculo: > 5 anos , noite , maio
87,fim_de_semana , Falta de Atencao a Conducao , Tombamento ,  , SUZUKI , Feminino , Motocicleta , Faixa Etaria:25-29 , Idade veiculo: > 5 anos , madrugada , maio,fim_de_semana , Falta de Atencao a Conducao , Tombamento ,  , SUZUKI , Masculino , Motocicleta , Faixa Etaria:25-29 , Idade veiculo: > 5 anos , madrugada , maio
